all_st
pseudotime	3,4		2d-pca-multiplot	2d-pca-single	hierarchy	find_day_correlated_pcs		3d-pca	pseudotime
100,100,100
superimpose	a2ndWard
remove	low_read_count_cells	
#remove	branch_b
#remove	branch_c
#remove	cluster_0Ward
#remove	cluster_1Ward
color	cluster_a1stdata	blue	
color	cluster_b1stdata	red
color	cluster_c1stdata	green
#color	cluster_outlier_hidden_cells_1st	black
color	cluster_a2ndWard	skyblue		
color	cluster_b2ndWard	pink		
color	cluster_c2ndWard	lightgreen		
#color	cluster_outlier_hidden_cells_2nd	grey
#color	high_SW_cells_1st	red		
#color	high_SW_cells_2nd	pink
#color	day_4_1st	grey							
#color	day_6_1st	grey						
#color	day_8_1st	grey
#color	day_12_1st	grey
#color	day_0_2nd	grey						
#color	day_3_2nd	grey						
#color	day_5_2nd	grey
#color	day_7_2nd	grey
#color	day_9_2nd	grey						
#color	day_12_2nd	grey						
#color	day_15_2nd	grey
size	day_4_1st	10							
size	day_6_1st	10							
size	day_8_1st	10	
size	day_12_1st	10
size	day_0_2nd	10							
size	day_3_2nd	10							
size	day_5_2nd	10	
size	day_7_2nd	10
size	day_9_2nd	10							
size	day_12_2nd	10							
size	day_15_2nd	10	
shape	shCtrl_1st	o	circle		o					
shape	sh733_1st	o	circle		+					
shape	sh737_1st	o	square		^
#shape	shCtrl_0_2nd	o	circle		o					
shape	shCtrl_2nd	o
shape	sh733_2nd	o	circle		+					
shape	sh737_2nd	o	square		^
shape	sh842_2nd	o	circle		o					
