Kit_ID_Empty	X313	X314	X315	X316	X317	X318	X319	X320	X321	X322	X323	X324	X325	X326	X327	X328	X329	X330	X331	X332	X333	X334	X335	X336	X337	X338	X339	X340	X341	X342	X343	X344	X345	X346	X347	X348	X349	X350	X351	X352	X353	X354	X355	X356	X357	X358	X359	X360	X361	X362	X363	X364	X365	X366	X367	X368	X369	X370	X371	X372	X373	X374	X375	X376	X377	X378	X379	X380	X381	X382	X383	X384	X385	X386	X387	X388	X389	X390	X391	X392	X393	X394	X395	X396	X397	X398	X399	X400	X401	X402	X403	X404	X405	X406	X407	X408	X409	X410	X411	X412	X413	X414	X415	X416	X417	X418	X419	X420	X421	X422	X423	X424	X425	X426	X427	X428	X429	X430	X431	X432	X433	X434	X435	X436	X437	X438	X439
Kit_ID_A_1	X1
Kit_ID_A_2	X2
Kit_ID_A_3	X3
Kit_ID_A_4	X4
Kit_ID_A_5	X5
Kit_ID_A_6	X6
Kit_ID_A_7	X7
Kit_ID_A_8	X8
Kit_ID_A_9	X9
Kit_ID_A_10	X10
Kit_ID_A_11	X11
Kit_ID_A_12	X12
Kit_ID_A_13	X13
Kit_ID_A_14	X14
Kit_ID_A_15	X15
Kit_ID_A_16	X16
Kit_ID_A_17	X17
Kit_ID_A_18	X18
Kit_ID_A_19	X19
Kit_ID_A_20	X20
Kit_ID_A_21	X21
Kit_ID_A_22	X22
Kit_ID_A_23	X23
Kit_ID_A_24	X24
Kit_ID_A_25	X25
Kit_ID_A_26	X26
Kit_ID_A_27	X27
Kit_ID_A_28	X28
Kit_ID_A_29	X29
Kit_ID_A_30	X30
Kit_ID_A_31	X31
Kit_ID_A_32	X32
Kit_ID_A_33	X33
Kit_ID_A_34	X34
Kit_ID_A_35	X35
Kit_ID_A_36	X36
Kit_ID_A_37	X37
Kit_ID_A_38	X38
Kit_ID_B_1	X97
Kit_ID_B_2	X98
Kit_ID_B_3	X99
Kit_ID_B_4	X100
Kit_ID_B_5	X101
Kit_ID_B_6	X102
Kit_ID_B_7	X103
Kit_ID_B_8	X104
Kit_ID_B_9	X105
Kit_ID_B_10	X106
Kit_ID_B_11	X107
Kit_ID_B_12	X108
Kit_ID_B_13	X109
Kit_ID_B_14	X110
Kit_ID_B_15	X111
Kit_ID_B_16	X112
Kit_ID_B_17	X113
Kit_ID_B_18	X114
Kit_ID_B_19	X115
Kit_ID_B_20	X116
Kit_ID_B_21	X117
Kit_ID_B_22	X118
Kit_ID_B_23	X119
Kit_ID_B_24	X120
Kit_ID_B_25	X121
Kit_ID_B_26	X122
Kit_ID_B_27	X123
Kit_ID_B_28	X124
Kit_ID_B_29	X125
Kit_ID_B_30	X126
Kit_ID_B_31	X127
Kit_ID_B_32	X128
Kit_ID_B_33	X129
Kit_ID_B_34	X130
Kit_ID_B_35	X131
Kit_ID_B_36	X132
Kit_ID_B_37	X133
Kit_ID_B_38	X134
Kit_ID_B_39	X135
Kit_ID_B_40	X136
Kit_ID_B_41	X137
Kit_ID_B_42	X138
Kit_ID_B_43	X139
Kit_ID_B_44	X140
Kit_ID_B_45	X141
Kit_ID_B_46	X142
Kit_ID_B_47	X143
Kit_ID_B_48	X144
Kit_ID_B_49	X145
Kit_ID_B_50	X146
Kit_ID_B_51	X147
Kit_ID_B_52	X148
Kit_ID_B_53	X149
Kit_ID_B_54	X150
Kit_ID_B_55	X151
Kit_ID_B_56	X152
Kit_ID_B_57	X153
Kit_ID_B_58	X154
Kit_ID_B_59	X155
Kit_ID_B_60	X156
Kit_ID_B_61	X157
Kit_ID_B_62	X158
Kit_ID_B_63	X159
Kit_ID_B_64	X160
Kit_ID_B_65	X161
Kit_ID_B_66	X162
Kit_ID_B_67	X163
Kit_ID_B_68	X164
Kit_ID_B_69	X165
Kit_ID_B_70	X166
Kit_ID_B_71	X167
Kit_ID_B_72	X168
Kit_ID_B_73	X169
Kit_ID_B_74	X170
Kit_ID_B_75	X171
Kit_ID_B_76	X172
Kit_ID_B_77	X173
Kit_ID_B_78	X174
Kit_ID_B_79	X175
Kit_ID_B_80	X176
Kit_ID_B_81	X177
Kit_ID_B_82	X178
Kit_ID_B_83	X179
Kit_ID_B_84	X180
Kit_ID_B_85	X181
Kit_ID_B_86	X182
Kit_ID_B_87	X183
Kit_ID_B_88	X184
Kit_ID_B_89	X185
Kit_ID_B_90	X186
Kit_ID_B_91	X187
Kit_ID_B_92	X188
Kit_ID_B_93	X189
Kit_ID_B_94	X190
Kit_ID_B_95	X191
Kit_ID_B_96	X192
Kit_ID_C_1	X193
Kit_ID_C_2	X194
Kit_ID_C_3	X195
Kit_ID_C_4	X196
Kit_ID_C_5	X197
Kit_ID_C_6	X198
Kit_ID_C_7	X199
Kit_ID_C_8	X200
Kit_ID_C_9	X201
Kit_ID_C_10	X202
Kit_ID_C_11	X203
Kit_ID_C_12	X204
Kit_ID_C_13	X205
Kit_ID_C_14	X206
Kit_ID_C_15	X207
Kit_ID_C_16	X208
Kit_ID_C_17	X209
Kit_ID_C_18	X210
Kit_ID_C_19	X211
Kit_ID_C_20	X212
Kit_ID_C_21	X213
Kit_ID_C_22	X214
Kit_ID_C_23	X215
Kit_ID_C_24	X216
Kit_ID_C_25	X217
Kit_ID_C_26	X218
Kit_ID_C_27	X219
Kit_ID_C_28	X220
Kit_ID_C_29	X221
Kit_ID_C_30	X222
Kit_ID_C_31	X223
Kit_ID_C_32	X224
Kit_ID_C_33	X225
Kit_ID_C_34	X226
Kit_ID_C_35	X227
Kit_ID_C_36	X228
Kit_ID_C_37	X229
Kit_ID_C_38	X230
Kit_ID_C_39	X231
Kit_ID_C_40	X232
Kit_ID_C_41	X233
Kit_ID_C_42	X234
Kit_ID_C_43	X235
Kit_ID_C_44	X236
Kit_ID_C_45	X237
Kit_ID_C_46	X238
Kit_ID_C_47	X239
Kit_ID_C_48	X240
Kit_ID_C_49	X241
Kit_ID_C_50	X242
Kit_ID_C_51	X243
Kit_ID_C_52	X244
Kit_ID_C_53	X245
Kit_ID_C_54	X246
Kit_ID_C_55	X247
Kit_ID_C_56	X248
Kit_ID_C_57	X249
Kit_ID_C_58	X250
Kit_ID_C_59	X251
Kit_ID_C_60	X252
Kit_ID_C_61	X253
Kit_ID_C_62	X254
Kit_ID_C_63	X255
Kit_ID_C_64	X256
Kit_ID_C_65	X257
Kit_ID_C_66	X258
Kit_ID_C_67	X259
Kit_ID_C_68	X260
Kit_ID_C_69	X261
Kit_ID_C_70	X262
Kit_ID_C_71	X263
Kit_ID_C_72	X264
Kit_ID_C_73	X265
Kit_ID_C_74	X266
Kit_ID_C_75	X267
Kit_ID_C_76	X268
Kit_ID_C_77	X269
Kit_ID_C_78	X270
Kit_ID_C_79	X271
Kit_ID_C_80	X272
Kit_ID_C_81	X273
Kit_ID_C_82	X274
Kit_ID_C_83	X275
Kit_ID_C_84	X276
Kit_ID_C_85	X277
Kit_ID_C_86	X278
Kit_ID_C_87	X279
Kit_ID_C_88	X280
Kit_ID_C_89	X281
Kit_ID_C_90	X282
Kit_ID_C_91	X283
Kit_ID_C_92	X284
Kit_ID_C_93	X285
Kit_ID_C_94	X286
Kit_ID_C_95	X287
Kit_ID_C_96	X288
Kit_ID_C1	X440	X441	X442	X443	X444	X445	X446	X447	X448	X449	X450	X451	X452	X453	X454	X455	X456	X457	X458	X459	X460	X461	X462	X463	X464	X465	X466	X467	X468	X469	X470	X471	X472	X473	X474	X475	X476	X477	X478	X479	X480	X481	X482	X483	X484	X485	X486	X487	X488	X489	X490	X491	X492	X493	X494	X495	X496	X497	X498	X499	X500	X501	X502	X503	X504	X505	X506	X507	X508	X509	X510
Seq_Number_1	X313	X314	X315	X316	X317	X318	X319	X320	X321	X322	X323	X324	X325	X326	X327	X328	X329	X330	X331	X332	X333	X334	X335	X336	X337	X338	X339	X340	X341	X342	X343	X344	X345	X346	X347	X348	X349	X350	X351	X352	X353	X354	X355	X356	X357	X358	X359	X360	X361	X362	X363	X364	X365	X366	X367	X368	X369	X370	X371	X372	X373	X374	X375	X376	X377	X378	X379	X380	X381	X382	X383	X384	X385	X386	X387	X388	X389	X390	X391	X392	X393	X394	X395	X396	X397	X398	X399	X400	X401	X402	X403	X404	X405	X406	X407	X408	X409	X410	X411	X412	X413	X414	X415	X416	X417	X418	X419	X420	X421	X422	X423	X424	X425	X426	X427	X428	X429	X430	X431	X432	X433	X434	X435	X436	X437	X438	X439	X440	X441	X442	X443	X444	X445	X446	X447	X448	X449	X450	X451	X452	X453	X454	X455	X456	X457	X458	X459	X460	X461	X462	X463	X464	X465	X466	X467	X468	X469	X470	X471	X472	X473	X474	X475	X476	X477	X478	X479	X480	X481	X482	X483	X484	X485	X486	X487	X488	X489	X490	X491	X492	X493	X494	X495	X496	X497	X498	X499	X500	X501	X502	X503	X504	X505	X506	X507	X508	X509	X510
Seq_Number_2	X1	X2	X3	X4	X5	X6	X7	X8	X9	X10	X11	X12	X13	X14	X15	X16	X17	X18	X19	X20	X21	X22	X23	X24	X25	X26	X27	X28	X29	X30	X31	X32	X33	X34	X35	X36	X37	X38	X97	X98	X99	X100	X101	X102	X103	X104	X105	X106	X107	X108	X109	X110	X111	X112	X113	X114	X115	X116	X117	X118	X119	X120	X121	X122	X123	X124	X125	X126	X127	X128	X129	X130	X131	X132	X133	X134	X135	X136	X137	X138	X139	X140	X141	X142	X143	X144	X145	X146	X147	X148	X149	X150	X151	X152	X153	X154	X155	X156	X157	X158	X159	X160	X161	X162	X163	X164	X165	X166	X167	X168	X169	X170	X171	X172	X173	X174	X175	X176	X177	X178	X179	X180	X181	X182	X183	X184	X185	X186	X187	X188	X189	X190	X191	X192	X193	X194	X195	X196	X197	X198	X199	X200	X201	X202	X203	X204	X205	X206	X207	X208	X209	X210	X211	X212	X213	X214	X215	X216	X217	X218	X219	X220	X221	X222	X223	X224	X225	X226	X227	X228	X229	X230	X231	X232	X233	X234	X235	X236	X237	X238	X239	X240	X241	X242	X243	X244	X245	X246	X247	X248	X249	X250	X251	X252	X253	X254	X255	X256	X257	X258	X259	X260	X261	X262	X263	X264	X265	X266	X267	X268	X269	X270	X271	X272	X273	X274	X275	X276	X277	X278	X279	X280	X281	X282	X283	X284	X285	X286	X287	X288
Fetal_Age_16	X313	X314	X315	X316	X317	X318	X319	X320	X321	X322	X323	X324	X325	X326	X327	X328	X329	X330	X331	X332	X333	X334	X335	X336	X337	X338	X339	X340	X341	X342	X343	X344	X345	X403	X404	X405	X406	X407	X408	X409	X410	X411	X412	X413	X414	X415	X416	X417	X418	X419	X420	X421	X422	X423	X424	X425	X426	X427	X428	X429	X430	X431	X432	X433	X434	X435	X436	X437	X438	X439	X496	X497	X498	X499	X500	X501	X502	X503	X504	X505	X506	X507	X508	X509	X510
Fetal_Age_15	X346	X347	X348	X349	X350	X351	X352	X353	X354	X355	X356	X357	X358	X359	X360	X361	X362	X363	X364	X365	X366	X367	X368	X369	X370	X371	X372	X373	X374	X375	X376	X377	X378	X379	X380	X1	X2	X3	X4	X5	X6	X7	X8	X9	X10	X11	X12	X13	X14	X15	X16	X17	X18	X19	X20	X21	X22	X23	X24	X25	X26	X27	X28	X29	X30	X31	X32	X33	X34	X35	X36	X37	X38	X97	X98	X99	X100	X101	X102	X103	X104	X105	X106	X107	X108	X109	X440	X441	X442	X443	X444	X445	X446	X447	X448	X449	X450	X451	X452	X453	X454	X455	X456	X457	X458	X459	X460	X461	X462	X463	X464	X465	X466	X467	X468	X469	X470	X471	X472	X473	X474	X475	X476	X477	X478	X479	X480	X481	X482	X483	X484	X485	X486	X487	X488	X489	X490	X491	X492	X493	X494	X495
Fetal_Age_18	X381	X382	X383	X384	X385	X386	X387	X388	X389	X390	X391	X392	X393	X394	X395	X396	X397	X398	X399	X400	X401	X402	X110	X111	X112	X113	X114	X115	X116	X117	X118	X119	X120	X121	X122	X123	X124	X125	X126	X127	X128	X129	X130	X131	X132	X133	X134	X135	X136	X137	X138	X139	X140	X141	X142	X143	X144	X145	X146	X147	X148	X149	X150	X151	X152
Fetal_Age_19	X153	X154	X155	X156	X157	X158	X159	X160	X161	X162	X163	X164	X165	X166	X167	X168	X169	X170	X171	X172	X173	X174	X175	X176	X177	X178	X179	X180	X181	X182	X183	X184	X185	X186	X187	X188	X189	X190	X191	X192	X193	X194	X195	X196	X197	X198	X199	X200	X201	X202	X203	X204	X205	X206	X207	X208	X209	X210	X211	X212	X213	X214	X215	X216	X217	X218	X219	X220	X221	X222	X223	X224	X225	X226	X227	X228	X229	X230	X231	X232
Fetal_Age_13	X233	X234	X235	X236	X237	X238	X239	X240	X241	X242	X243	X244	X245	X246	X247	X248	X249	X250	X251	X252	X253	X254	X255	X256	X257	X258	X259	X260	X261	X262	X263	X264	X265	X266	X267	X268	X269	X270	X271	X272	X273	X274	X275	X276	X277	X278	X279	X280	X281	X282	X283	X284	X285	X286	X287	X288
Unnamed: 4_Empty	X313	X314	X315	X316	X317	X318	X319	X320	X321	X322	X323	X324	X325	X326	X327	X328	X329	X330	X331	X332	X333	X334	X335	X336	X337	X338	X339	X340	X341	X342	X343	X344	X345	X346	X347	X348	X349	X350	X351	X352	X353	X354	X355	X356	X357	X358	X359	X360	X361	X362	X363	X364	X365	X366	X367	X368	X369	X370	X371	X372	X373	X374	X375	X376	X377	X378	X379	X380	X381	X382	X383	X384	X385	X386	X387	X388	X389	X390	X391	X392	X393	X394	X395	X396	X397	X398	X399	X400	X401	X402	X403	X404	X405	X406	X407	X408	X409	X410	X411	X412	X413	X414	X415	X416	X417	X418	X419	X420	X421	X422	X423	X424	X425	X426	X427	X428	X429	X430	X431	X432	X433	X434	X435	X436	X437	X438	X439	X440	X441	X442	X443	X444	X445	X446	X447	X448	X449	X450	X451	X452	X453	X454	X455	X456	X457	X458	X459	X460	X461	X462	X463	X464	X465	X466	X467	X468	X469	X470	X471	X472	X473	X474	X475	X476	X477	X478	X479	X480	X481	X482	X483	X484	X485	X486	X487	X488	X489	X490	X491	X492	X493	X494	X495	X496	X497	X498	X499	X500	X501	X502	X503	X504	X505	X506	X507	X508	X509	X510
Unnamed: 4_1	X1	X2	X3	X4	X5	X6	X7	X8	X9	X10	X11	X12	X13	X14	X15	X16	X17	X18	X19	X20	X21	X22	X23	X24	X25	X26	X27	X28	X29	X30	X31	X32	X33	X34	X35	X36	X37	X38	X97	X98	X99	X100	X101	X102	X103	X104	X105	X106	X107	X108	X109	X110	X111	X112	X113	X114	X115	X116	X117	X118	X119	X120	X121	X122	X123	X124	X125	X126	X127	X128	X129	X130	X131	X132	X133	X134	X135	X136	X137	X138	X139	X140	X141	X142	X143	X144	X145	X146	X147	X148	X149	X150	X151	X152	X153	X154	X155	X156	X157	X158	X159	X160	X161	X162	X163	X164	X165	X166	X167	X168	X169	X170	X233	X234	X235	X236	X237	X238	X239	X240	X241	X242	X243	X244	X245	X246	X247	X248	X249	X250	X251	X252	X253	X254	X255	X256	X257	X258	X259	X260	X261	X262	X263	X264	X265	X266	X267	X268	X269	X270	X271	X272	X273	X274	X275	X276	X277	X278	X279	X280	X281	X282	X283	X284	X285	X286	X287	X288
Unnamed: 4_2	X171	X172	X173	X174	X175	X176	X177	X178	X179	X180	X181	X182	X183	X184	X185	X186	X187	X188	X189	X190	X191	X192	X193	X194	X195	X196	X197	X198	X199	X200	X201	X202	X203	X204	X205	X206	X207	X208	X209	X210	X211	X212	X213	X214	X215	X216	X217	X218	X219	X220	X221	X222	X223	X224	X225	X226	X227	X228	X229	X230	X231	X232
Collection_Group_1	X313	X314	X315	X316	X317	X318	X319	X320	X321	X322	X323	X324	X325	X326	X327	X328	X329	X330	X331	X332	X333	X334	X335	X336	X337	X338	X339	X340	X341	X342	X343	X344	X345	X440	X441	X442	X443	X444	X445	X446	X447	X448	X449	X450	X451	X452	X453	X454	X455	X456	X457	X458	X459	X460	X461	X462	X463	X464	X465	X466	X467	X468
Collection_Group_2	X346	X347	X348	X349	X350	X351	X352	X353	X354	X355	X356	X357	X358	X359	X360	X361	X362	X363	X364	X365	X366	X367	X368	X369	X370	X371	X372	X373	X374	X375	X376	X377	X378	X379	X380	X469	X470	X471	X472	X473	X474	X475	X476	X477	X478	X479	X480	X481	X482	X483	X484	X485	X486	X487	X488	X489	X490	X491	X492	X493	X494	X495
Collection_Group_3	X381	X382	X383	X384	X385	X386	X387	X388	X389	X390	X391	X392	X393	X394	X395	X396	X397	X398	X399	X400	X401	X402
Collection_Group_4	X403	X404	X405	X406	X407	X408	X409	X410	X411	X412	X413	X414	X415	X416	X417	X418	X419	X420	X421	X422	X423	X424	X425	X426	X427	X428	X429	X430	X431	X432	X433	X434	X435	X436	X437	X438	X439
Collection_Group_5	X1	X2	X3	X4	X5	X6	X7	X8	X9	X10	X11	X12	X13	X14	X15	X16	X17	X18	X19	X20	X21	X22	X23	X24	X25	X26	X27	X28	X29	X30	X31	X32	X33	X34	X35	X36	X37	X38	X97	X98	X99	X100	X101	X102	X103	X104	X105	X106	X107	X108	X109
Collection_Group_6	X110	X111	X112	X113	X114	X115	X116	X117	X118	X119	X120	X121	X122	X123	X124	X125	X126	X127	X128	X129	X130	X131	X132	X133	X134	X135	X136	X137	X138	X139	X140	X141	X142	X143	X144	X145	X146	X147	X148	X149	X150	X151	X152	X496	X497	X498	X499	X500	X501	X502	X503	X504	X505	X506	X507	X508	X509	X510
Collection_Group_7	X153	X154	X155	X156	X157	X158	X159	X160	X161	X162	X163	X164	X165	X166	X167	X168	X169	X170
Collection_Group_8	X171	X172	X173	X174	X175	X176	X177	X178	X179	X180	X181	X182	X183	X184	X185	X186	X187	X188	X189	X190	X191	X192	X193	X194	X195	X196	X197	X198	X199	X200	X201	X202	X203	X204	X205	X206	X207	X208	X209	X210	X211	X212	X213	X214	X215	X216	X217	X218	X219	X220	X221	X222	X223	X224	X225	X226	X227	X228	X229	X230	X231	X232
Collection_Group_9	X233	X234	X235	X236	X237	X238	X239	X240	X241	X242	X243	X244	X245	X246	X247	X248	X249	X250	X251	X252	X253	X254	X255	X256	X257	X258	X259	X260	X261	X262	X263	X264	X265	X266	X267	X268	X269	X270	X271	X272	X273	X274	X275	X276	X277	X278	X279	X280	X281	X282	X283	X284	X285	X286	X287	X288
Poor_Read_Number_Empty	X313	X314	X315	X316	X317	X318	X319	X320	X321	X322	X323	X324	X325	X326	X327	X328	X329	X330	X331	X332	X333	X334	X335	X336	X337	X338	X339	X340	X341	X342	X343	X344	X345	X346	X347	X348	X349	X350	X351	X352	X353	X354	X355	X356	X357	X358	X359	X360	X361	X362	X363	X364	X365	X366	X367	X368	X369	X370	X371	X372	X373	X374	X375	X376	X377	X378	X379	X380	X384	X385	X389	X390	X393	X397	X400	X401	X402	X403	X404	X405	X406	X407	X408	X409	X410	X411	X412	X413	X414	X415	X416	X417	X418	X419	X420	X421	X423	X424	X425	X426	X427	X428	X429	X430	X431	X432	X433	X434	X435	X436	X437	X438	X439	X1	X2	X3	X4	X5	X6	X7	X8	X9	X10	X11	X12	X13	X14	X15	X21	X22	X23	X24	X25	X26	X27	X28	X29	X30	X31	X34	X35	X36	X37	X38	X97	X98	X99	X100	X101	X102	X103	X104	X105	X106	X107	X108	X109	X110	X111	X112	X113	X114	X115	X116	X117	X118	X119	X120	X121	X122	X123	X124	X125	X126	X127	X128	X129	X130	X131	X132	X133	X134	X135	X136	X137	X138	X139	X140	X141	X142	X143	X144	X145	X146	X147	X148	X149	X150	X151	X152	X153	X154	X155	X156	X157	X158	X159	X162	X163	X164	X165	X166	X167	X168	X169	X171	X172	X173	X174	X175	X176	X177	X178	X179	X180	X181	X182	X183	X184	X185	X186	X187	X188	X189	X190	X191	X192	X193	X194	X195	X196	X197	X198	X199	X200	X201	X202	X203	X204	X205	X206	X209	X210	X211	X212	X213	X214	X215	X216	X217	X218	X219	X220	X221	X222	X223	X224	X225	X226	X227	X228	X229	X230	X231	X232	X234	X235	X236	X237	X238	X239	X240	X241	X242	X243	X244	X245	X246	X247	X248	X249	X250	X251	X252	X253	X255	X256	X257	X258	X259	X260	X261	X262	X263	X264	X266	X267	X268	X269	X270	X271	X272	X273	X274	X275	X276	X277	X278	X279	X280	X281	X282	X283	X284	X285	X286	X287	X288	X440	X441	X442	X443	X444	X445	X446	X447	X448	X449	X450	X451	X452	X453	X454	X455	X456	X457	X458	X459	X460	X461	X462	X463	X464	X465	X466	X467	X468	X469	X470	X471	X472	X473	X474	X475	X476	X477	X478	X479	X480	X481	X482	X483	X484	X485	X486	X487	X488	X489	X490	X491	X492	X493	X494	X495	X496	X497	X498	X499	X500	X501	X502	X503	X504	X505	X506	X507	X508	X509	X510
Poor_Read_Number_Y	X381	X382	X383	X386	X387	X388	X391	X392	X394	X395	X396	X398	X399	X422	X16	X17	X18	X19	X20	X32	X33	X160	X161	X170	X207	X208	X233	X254	X265
Moderate_Alignment_Empty	X313	X314	X315	X316	X317	X318	X319	X320	X321	X322	X323	X324	X325	X326	X327	X328	X329	X330	X331	X332	X333	X334	X335	X336	X337	X338	X339	X340	X341	X342	X343	X344	X345	X346	X347	X348	X349	X350	X351	X352	X353	X354	X355	X356	X357	X358	X359	X360	X361	X362	X363	X364	X365	X366	X367	X368	X369	X370	X371	X372	X373	X374	X375	X376	X377	X378	X379	X380	X381	X382	X383	X384	X385	X386	X387	X388	X389	X390	X391	X392	X393	X394	X395	X396	X397	X398	X399	X400	X401	X402	X403	X404	X405	X406	X407	X408	X409	X410	X411	X412	X413	X414	X415	X416	X417	X418	X419	X420	X421	X422	X423	X424	X425	X426	X427	X428	X429	X430	X431	X432	X433	X434	X435	X436	X437	X438	X439	X1	X2	X3	X4	X5	X6	X7	X8	X9	X10	X11	X12	X13	X14	X15	X16	X17	X18	X19	X20	X21	X22	X23	X24	X25	X26	X27	X28	X29	X30	X31	X32	X33	X34	X35	X36	X37	X38	X97	X98	X99	X100	X101	X102	X103	X104	X105	X106	X107	X108	X109	X110	X111	X112	X113	X114	X115	X116	X117	X118	X119	X120	X121	X122	X123	X124	X127	X128	X129	X130	X131	X132	X133	X134	X135	X136	X137	X138	X139	X141	X142	X143	X144	X145	X146	X147	X148	X149	X150	X151	X152	X153	X154	X155	X156	X157	X158	X159	X160	X161	X162	X163	X164	X166	X167	X169	X170	X171	X173	X174	X175	X176	X177	X178	X179	X180	X181	X182	X183	X184	X185	X186	X187	X188	X189	X190	X191	X192	X193	X194	X195	X196	X197	X198	X199	X200	X201	X202	X203	X204	X205	X206	X207	X208	X209	X210	X211	X212	X213	X214	X215	X216	X217	X218	X219	X220	X221	X222	X223	X224	X225	X226	X228	X229	X230	X231	X232	X233	X234	X235	X236	X237	X238	X239	X240	X241	X242	X243	X244	X245	X246	X247	X248	X249	X250	X251	X252	X253	X254	X255	X256	X257	X258	X259	X260	X261	X262	X263	X264	X265	X266	X267	X268	X269	X270	X271	X272	X273	X274	X275	X276	X277	X278	X280	X281	X283	X284	X285	X286	X287	X288	X440	X441	X442	X443	X444	X445	X446	X447	X448	X449	X450	X451	X452	X453	X454	X455	X456	X457	X458	X459	X460	X461	X462	X463	X464	X465	X466	X467	X468	X469	X470	X471	X472	X473	X474	X475	X476	X477	X478	X479	X480	X481	X482	X483	X484	X485	X486	X487	X488	X489	X490	X491	X492	X493	X494	X495	X496	X497	X498	X499	X500	X501	X502	X503	X504	X505	X506	X507	X508	X509	X510
Moderate_Alignment_Y	X125	X126	X140	X165	X168	X172	X227	X279	X282
Rod_Cells_Y	X313	X322	X323	X325	X329	X330	X333	X336	X337	X338	X343	X344	X345	X361	X362	X363	X389	X400	X401	X402	X410	X419	X428	X430	X431	X434	X437	X25	X28	X34	X35	X37	X97	X105	X106	X107	X109	X113	X115	X117	X121	X124	X125	X127	X129	X130	X134	X138	X143	X144	X145	X148	X150	X165	X175	X176	X189	X194	X204	X209	X210	X214	X215	X221	X223	X224	X225	X229	X230	X257
Rod_Cells_Empty	X314	X315	X316	X317	X318	X319	X320	X321	X324	X326	X327	X328	X331	X332	X334	X335	X339	X340	X341	X342	X346	X347	X348	X349	X350	X351	X352	X353	X354	X355	X356	X357	X358	X359	X360	X364	X365	X366	X367	X368	X369	X370	X371	X372	X373	X374	X375	X376	X377	X378	X379	X380	X381	X382	X383	X384	X385	X386	X387	X388	X390	X391	X392	X393	X394	X395	X396	X397	X398	X399	X403	X404	X405	X406	X407	X408	X409	X411	X412	X413	X414	X415	X416	X417	X418	X420	X421	X422	X423	X424	X425	X426	X427	X429	X432	X433	X435	X436	X438	X439	X1	X2	X3	X4	X5	X6	X7	X8	X9	X10	X11	X12	X13	X14	X15	X16	X17	X18	X19	X20	X21	X22	X23	X24	X26	X27	X29	X30	X31	X32	X33	X36	X38	X98	X99	X100	X101	X102	X103	X104	X108	X110	X111	X112	X114	X116	X118	X119	X120	X122	X123	X126	X128	X131	X132	X133	X135	X136	X137	X139	X140	X141	X142	X146	X147	X149	X151	X152	X153	X154	X155	X156	X157	X158	X159	X160	X161	X162	X163	X164	X166	X167	X168	X169	X170	X171	X172	X173	X174	X177	X178	X179	X180	X181	X182	X183	X184	X185	X186	X187	X188	X190	X191	X192	X193	X195	X196	X197	X198	X199	X200	X201	X202	X203	X205	X206	X207	X208	X211	X212	X213	X216	X217	X218	X219	X220	X222	X226	X227	X228	X231	X232	X233	X234	X235	X236	X237	X238	X239	X240	X241	X242	X243	X244	X245	X246	X247	X248	X249	X250	X251	X252	X253	X254	X255	X256	X258	X259	X260	X261	X262	X263	X264	X265	X266	X267	X268	X269	X270	X271	X272	X273	X274	X275	X276	X277	X278	X279	X280	X281	X282	X283	X284	X285	X286	X287	X288	X440	X441	X442	X443	X444	X445	X446	X447	X448	X449	X450	X451	X452	X453	X454	X455	X456	X457	X458	X459	X460	X461	X462	X463	X464	X465	X466	X467	X468	X469	X470	X471	X472	X473	X474	X475	X476	X477	X478	X479	X480	X481	X482	X483	X484	X485	X486	X487	X488	X489	X490	X491	X492	X493	X494	X495	X496	X497	X498	X499	X500	X501	X502	X503	X504	X505	X506	X507	X508	X509	X510
Possible_Rods_Empty	X313	X314	X315	X316	X317	X318	X319	X320	X321	X322	X323	X324	X325	X326	X329	X330	X331	X332	X333	X335	X336	X337	X338	X339	X340	X341	X342	X343	X344	X345	X346	X347	X348	X349	X350	X351	X352	X354	X355	X356	X358	X359	X361	X362	X363	X366	X367	X368	X369	X370	X371	X372	X373	X374	X375	X376	X377	X378	X379	X380	X381	X382	X383	X384	X385	X386	X387	X388	X389	X390	X391	X392	X393	X394	X395	X396	X397	X398	X399	X400	X401	X402	X403	X404	X405	X406	X407	X408	X409	X410	X411	X412	X413	X414	X415	X416	X417	X418	X419	X420	X421	X422	X423	X424	X425	X426	X427	X428	X429	X430	X431	X432	X433	X434	X435	X436	X437	X438	X439	X1	X2	X3	X4	X5	X6	X8	X9	X10	X11	X12	X13	X14	X15	X16	X17	X18	X19	X20	X21	X22	X23	X24	X25	X26	X28	X29	X30	X32	X33	X34	X35	X36	X37	X38	X97	X98	X99	X100	X101	X102	X103	X104	X105	X106	X107	X109	X110	X111	X112	X113	X114	X115	X116	X117	X118	X119	X120	X121	X122	X123	X124	X125	X126	X127	X128	X129	X130	X131	X132	X134	X136	X137	X138	X139	X140	X141	X142	X143	X144	X145	X146	X147	X148	X149	X150	X151	X153	X154	X155	X156	X157	X158	X159	X160	X161	X162	X164	X165	X167	X168	X169	X170	X171	X172	X174	X175	X176	X181	X182	X183	X184	X185	X186	X187	X188	X189	X190	X191	X192	X193	X194	X195	X197	X198	X199	X201	X202	X203	X204	X206	X207	X208	X209	X210	X211	X212	X214	X215	X216	X217	X220	X221	X222	X223	X224	X225	X227	X228	X229	X230	X231	X233	X234	X235	X236	X237	X238	X239	X240	X241	X243	X244	X245	X246	X247	X248	X249	X250	X251	X252	X253	X254	X255	X256	X257	X259	X260	X261	X264	X265	X266	X267	X268	X269	X270	X271	X272	X273	X274	X275	X276	X277	X278	X279	X281	X282	X283	X284	X285	X286	X287	X288	X440	X441	X442	X443	X444	X445	X446	X447	X448	X449	X450	X451	X452	X453	X454	X455	X456	X457	X458	X459	X460	X461	X462	X463	X464	X465	X466	X467	X468	X469	X470	X471	X472	X473	X474	X475	X476	X477	X478	X479	X480	X481	X482	X483	X484	X485	X486	X487	X488	X489	X490	X491	X492	X493	X494	X495	X496	X497	X498	X499	X500	X501	X502	X503	X504	X505	X506	X507	X508	X509	X510
Possible_Rods_Y	X327	X328	X334	X353	X357	X360	X364	X365	X7	X27	X31	X108	X133	X135	X152	X163	X166	X173	X177	X178	X179	X180	X196	X200	X205	X213	X218	X219	X226	X232	X242	X258	X262	X263	X280
Non_Photoreceptors_Empty	X313	X314	X315	X316	X317	X318	X319	X320	X321	X322	X323	X324	X325	X326	X327	X328	X329	X330	X331	X332	X333	X334	X335	X336	X337	X338	X339	X340	X341	X342	X343	X344	X345	X346	X347	X348	X349	X350	X351	X352	X353	X354	X355	X356	X357	X358	X359	X360	X361	X362	X363	X364	X365	X366	X367	X368	X369	X370	X371	X372	X373	X374	X375	X377	X378	X379	X380	X381	X382	X383	X384	X385	X386	X387	X388	X389	X390	X391	X392	X393	X394	X395	X396	X397	X398	X399	X400	X401	X402	X403	X404	X405	X406	X407	X408	X409	X410	X411	X412	X413	X414	X415	X416	X417	X418	X419	X420	X421	X422	X423	X424	X425	X426	X427	X428	X429	X430	X431	X432	X433	X434	X435	X436	X437	X438	X439	X1	X2	X3	X4	X5	X6	X7	X8	X9	X10	X11	X12	X14	X15	X16	X17	X18	X19	X20	X21	X22	X24	X25	X27	X28	X29	X32	X33	X34	X35	X37	X38	X97	X98	X99	X100	X101	X102	X104	X105	X106	X107	X108	X109	X110	X111	X112	X113	X114	X115	X116	X117	X118	X119	X120	X121	X122	X123	X124	X125	X126	X127	X128	X129	X130	X131	X132	X133	X134	X135	X136	X137	X138	X139	X140	X141	X142	X143	X144	X145	X146	X148	X150	X151	X152	X153	X154	X155	X156	X157	X158	X159	X160	X161	X162	X163	X164	X165	X166	X167	X168	X169	X170	X171	X172	X173	X174	X175	X176	X177	X178	X179	X180	X181	X182	X183	X184	X185	X186	X187	X188	X189	X190	X191	X192	X193	X194	X195	X196	X197	X198	X199	X200	X201	X202	X203	X204	X205	X206	X207	X208	X209	X210	X211	X212	X213	X214	X215	X216	X217	X219	X220	X221	X222	X224	X226	X227	X228	X229	X230	X231	X232	X233	X234	X236	X237	X238	X239	X240	X241	X242	X243	X244	X245	X246	X247	X248	X249	X251	X252	X253	X254	X255	X256	X257	X258	X260	X261	X262	X263	X264	X265	X266	X267	X269	X270	X271	X272	X273	X274	X275	X276	X277	X278	X279	X280	X281	X282	X283	X284	X285	X286	X287	X288	X440	X441	X442	X443	X444	X445	X446	X447	X448	X449	X450	X451	X452	X453	X454	X455	X456	X457	X458	X459	X460	X461	X462	X463	X464	X465	X466	X467	X468	X469	X470	X471	X472	X473	X474	X475	X476	X477	X478	X479	X480	X481	X482	X483	X484	X485	X486	X487	X488	X489	X490	X491	X492	X493	X494	X495	X496	X497	X498	X499	X500	X501	X502	X503	X504	X505	X506	X507	X508	X509	X510
Non_Photoreceptors_Y	X376	X13	X23	X26	X30	X31	X36	X103	X147	X149	X218	X223	X225	X235	X250	X259	X268
Collection_Method_Empty	X313	X314	X315	X316	X317	X318	X319	X320	X321	X322	X323	X324	X325	X326	X327	X328	X329	X330	X331	X332	X333	X334	X335	X336	X337	X338	X339	X340	X341	X342	X343	X344	X345	X346	X347	X348	X349	X350	X351	X352	X353	X354	X355	X356	X357	X358	X359	X360	X361	X362	X363	X364	X365	X366	X367	X368	X369	X370	X371	X372	X373	X374	X375	X376	X377	X378	X379	X380	X381	X382	X383	X384	X385	X386	X387	X388	X389	X390	X391	X392	X393	X394	X395	X396	X397	X398	X399	X400	X401	X402	X403	X404	X405	X406	X407	X408	X409	X410	X411	X412	X413	X414	X415	X416	X417	X418	X419	X420	X421	X422	X423	X424	X425	X426	X427	X428	X429	X430	X431	X432	X433	X434	X435	X436	X437	X438	X439	X1	X2	X3	X4	X5	X6	X7	X8	X9	X10	X11
Collection_Method_FACS	X12	X13	X14	X15	X16	X17	X18	X19	X20	X21	X22	X23	X24	X25	X26	X27	X28	X29	X30	X31	X32	X33	X34	X35	X36	X37	X38	X97	X98	X99	X100	X101	X102	X103	X104	X105	X106	X107	X108	X109	X110	X111	X112	X113	X114	X115	X116	X117	X118	X119	X120	X121	X122	X123	X124	X125	X126	X127	X128	X129	X130	X131	X132	X133	X134	X135	X136	X137	X138	X139	X140	X141	X142	X143	X144	X145	X146	X147	X148	X149	X150	X151	X152	X153	X154	X155	X156	X157	X158	X159	X160	X161	X162	X163	X164	X165	X166	X167	X168	X169	X170	X171	X172	X173	X174	X175	X176	X177	X178	X179	X180	X181	X182	X183	X184	X185	X186	X187	X188	X189	X190	X191	X192	X193	X194	X195	X196	X197	X198	X199	X200	X201	X202	X203	X204	X205	X206	X207	X208	X209	X210	X211	X212	X213	X214	X215	X216	X217	X218	X219	X220	X221	X222	X223	X224	X225	X226	X227	X228	X229	X230	X231	X232	X233	X234	X235	X236	X237	X238	X239	X240	X241	X242	X243	X244	X245	X246	X247	X248	X249	X250	X251	X252	X253	X254	X255	X256	X257	X258	X259	X260	X261	X262	X263	X264	X265	X266	X267	X268	X269	X270	X271	X272	X273	X274	X275	X276	X277	X278	X279	X280	X281	X282	X283	X284	X285	X286	X287	X288
Collection_Method_C1	X440	X441	X442	X443	X444	X445	X446	X447	X448	X449	X450	X451	X452	X453	X454	X455	X456	X457	X458	X459	X460	X461	X462	X463	X464	X465	X466	X467	X468	X469	X470	X471	X472	X473	X474	X475	X476	X477	X478	X479	X480	X481	X482	X483	X484	X485	X486	X487	X488	X489	X490	X491	X492	X493	X494	X495	X496	X497	X498	X499	X500	X501	X502	X503	X504	X505	X506	X507	X508	X509	X510
Outliers_Empty	X313	X314	X315	X316	X317	X318	X319	X320	X321	X322	X323	X324	X325	X326	X327	X328	X329	X330	X331	X332	X333	X334	X335	X336	X337	X338	X339	X340	X341	X342	X343	X344	X345	X346	X347	X348	X349	X350	X351	X352	X353	X354	X355	X356	X357	X358	X359	X360	X361	X362	X363	X364	X365	X366	X367	X368	X369	X370	X371	X372	X373	X374	X375	X376	X377	X378	X379	X380	X381	X382	X383	X384	X385	X386	X387	X388	X389	X391	X392	X394	X395	X396	X398	X399	X400	X401	X402	X403	X404	X405	X406	X407	X408	X409	X410	X411	X412	X413	X414	X415	X416	X417	X418	X419	X420	X421	X422	X423	X424	X425	X426	X427	X428	X429	X430	X431	X432	X433	X434	X435	X436	X437	X438	X439	X1	X2	X3	X4	X5	X6	X7	X8	X9	X10	X11	X12	X13	X14	X15	X16	X17	X18	X19	X20	X21	X22	X23	X24	X25	X26	X27	X28	X29	X30	X31	X32	X33	X34	X35	X36	X37	X38	X97	X98	X99	X100	X101	X102	X103	X104	X105	X106	X107	X108	X109	X110	X111	X112	X113	X114	X115	X116	X117	X118	X119	X120	X121	X122	X123	X124	X125	X126	X127	X128	X129	X130	X131	X132	X133	X134	X135	X136	X137	X138	X139	X140	X141	X142	X143	X144	X145	X146	X147	X148	X149	X150	X151	X152	X153	X154	X155	X156	X157	X158	X159	X160	X161	X162	X163	X164	X165	X166	X167	X168	X169	X170	X171	X172	X173	X174	X175	X176	X177	X178	X179	X180	X181	X182	X183	X184	X185	X186	X187	X188	X189	X190	X191	X192	X193	X194	X195	X196	X197	X198	X199	X200	X201	X202	X203	X204	X205	X206	X207	X208	X209	X210	X211	X212	X213	X214	X215	X216	X217	X218	X219	X220	X221	X222	X223	X224	X225	X226	X227	X228	X229	X230	X231	X232	X233	X234	X235	X236	X237	X238	X239	X240	X241	X242	X243	X244	X245	X246	X247	X248	X249	X250	X251	X252	X253	X254	X255	X256	X257	X258	X259	X260	X261	X262	X263	X264	X265	X266	X267	X268	X269	X270	X271	X272	X273	X274	X275	X276	X277	X278	X279	X280	X281	X282	X283	X284	X285	X286	X287	X288	X440	X441	X442	X443	X444	X445	X446	X447	X448	X449	X450	X451	X452	X453	X454	X455	X456	X457	X458	X459	X460	X461	X462	X463	X464	X465	X466	X467	X468	X469	X470	X471	X472	X473	X474	X475	X476	X477	X478	X479	X480	X481	X482	X483	X484	X485	X486	X487	X488	X489	X490	X491	X492	X493	X494	X495	X496	X497	X498	X499	X500	X501	X502	X503	X504	X505	X506	X507	X508	X509	X510
Outliers_Y	X390	X393	X397
VSX2_Outlier_Empty	X313	X314	X315	X316	X317	X318	X319	X320	X321	X322	X323	X324	X325	X326	X327	X328	X329	X330	X331	X332	X333	X334	X335	X336	X337	X338	X339	X340	X341	X342	X343	X344	X345	X346	X347	X348	X349	X350	X351	X352	X353	X354	X355	X356	X357	X358	X359	X360	X361	X362	X363	X364	X365	X366	X367	X368	X369	X370	X371	X372	X373	X374	X375	X376	X377	X378	X379	X380	X381	X382	X383	X384	X385	X386	X387	X388	X389	X390	X391	X392	X393	X394	X395	X396	X397	X398	X399	X400	X401	X402	X403	X404	X405	X406	X407	X408	X409	X410	X411	X412	X413	X414	X415	X416	X417	X418	X419	X420	X421	X422	X423	X424	X425	X426	X427	X428	X429	X430	X431	X432	X433	X434	X435	X436	X437	X438	X439	X1	X2	X3	X4	X5	X6	X7	X8	X9	X10	X11	X12	X14	X15	X16	X17	X18	X19	X20	X21	X22	X24	X25	X27	X28	X29	X31	X32	X33	X34	X35	X37	X97	X98	X99	X100	X101	X102	X104	X105	X106	X107	X108	X109	X110	X111	X112	X113	X114	X115	X116	X117	X118	X119	X120	X121	X122	X123	X124	X125	X126	X127	X128	X129	X130	X131	X132	X133	X134	X135	X136	X137	X138	X139	X140	X141	X142	X143	X144	X145	X146	X148	X150	X151	X152	X153	X154	X155	X156	X157	X158	X159	X160	X161	X162	X163	X164	X165	X166	X167	X168	X169	X170	X171	X172	X173	X174	X175	X176	X177	X178	X179	X180	X181	X182	X183	X184	X185	X186	X187	X188	X189	X190	X191	X192	X193	X194	X195	X196	X197	X198	X199	X200	X201	X202	X203	X204	X205	X206	X207	X208	X209	X210	X211	X212	X213	X214	X215	X216	X217	X218	X219	X220	X221	X222	X223	X224	X225	X226	X227	X228	X229	X230	X231	X232	X233	X234	X236	X237	X238	X239	X240	X241	X242	X243	X244	X245	X246	X247	X248	X249	X250	X251	X252	X253	X254	X255	X256	X257	X258	X260	X261	X262	X263	X264	X265	X266	X267	X268	X269	X270	X271	X272	X273	X274	X275	X276	X277	X278	X279	X280	X281	X282	X283	X284	X285	X286	X287	X440	X441	X442	X443	X444	X445	X446	X447	X448	X449	X450	X451	X452	X453	X454	X455	X456	X457	X458	X459	X460	X461	X462	X463	X464	X465	X466	X467	X468	X469	X470	X471	X472	X473	X474	X475	X476	X477	X478	X479	X480	X481	X482	X483	X484	X485	X486	X487	X488	X489	X490	X491	X492	X493	X494	X495	X496	X497	X498	X499	X500	X501	X502	X503	X504	X505	X506	X507	X508	X509	X510
VSX2_Outlier_Y	X13	X23	X26	X30	X36	X38	X103	X147	X149	X235	X259	X288
